insert into Product_Category (id, name, description) values (1, 'Retaining Wall and Brick Pavers', 'nullam varius nulla');
insert into Product_Category (id, name, description) values (2, 'Drywall & Acoustical (MOB)', 'et ultrices posuere cubilia');
insert into Product_Category (id, name, description) values (3, 'Elevator', 'aenean lectus pellentesque');
insert into Product_Category (id, name, description) values (4, 'EIFS', 'donec ut dolor morbi');
insert into Product_Category (id, name, description) values (5, 'Temp Fencing, Decorative Fencing and Gates', 'volutpat in congue');
insert into Product_Category (id, name, description) values (6, 'RF Shielding', 'quisque porta volutpat erat');
insert into Product_Category (id, name, description) values (7, 'Framing (Wood)', 'elit proin risus');
insert into Product_Category (id, name, description) values (8, 'EIFS', 'augue vestibulum rutrum rutrum');
insert into Product_Category (id, name, description) values (9, 'Termite Control', 'orci luctus et ultrices');
insert into Product_Category (id, name, description) values (10, 'Sitework & Site Utilities', 'neque aenean auctor gravida');

insert into Supplier (id, name) values (1, 'Fisher-Huels');
insert into Supplier (id, name) values (2, 'D''Amore, Torp and Kuvalis');
insert into Supplier (id, name) values (3, 'Williamson-Marvin');
insert into Supplier (id, name) values (4, 'Rippin, Hilpert and Muller');
insert into Supplier (id, name) values (5, 'Zboncak and Sons');
insert into Supplier (id, name) values (6, 'Upton, Prosacco and Grimes');
insert into Supplier (id, name) values (7, 'Jerde Inc');
insert into Supplier (id, name) values (8, 'Labadie, Schmitt and Schamberger');
insert into Supplier (id, name) values (9, 'Bednar-Homenick');
insert into Supplier (id, name) values (10, 'Runte and Sons');

insert into Customer (id, first_name, last_name, user_name, password, email_address) values (1, 'Cliff', 'Guerrieri', 'cguerrieri0', 'GSxlFi1MPR', 'cguerrieri0@dropbox.com');
insert into Customer (id, first_name, last_name, user_name, password, email_address) values (2, 'Teador', 'Killimister', 'tkillimister1', '7nyGik58A', 'tkillimister1@kickstarter.com');
insert into Customer (id, first_name, last_name, user_name, password, email_address) values (3, 'Paola', 'Don', 'pdon2', 'dD2YgY9xTN5', 'pdon2@parallels.com');
insert into Customer (id, first_name, last_name, user_name, password, email_address) values (4, 'Lyon', 'Slowly', 'lslowly3', 'aycVxb', 'lslowly3@vkontakte.ru');
insert into Customer (id, first_name, last_name, user_name, password, email_address) values (5, 'Dill', 'Tretwell', 'dtretwell4', '76HboYtg', 'dtretwell4@hugedomains.com');
insert into Customer (id, first_name, last_name, user_name, password, email_address) values (6, 'Vincent', 'Bizley', 'vbizley5', 'a3o1ygD5wKaN', 'vbizley5@artisteer.com');
insert into Customer (id, first_name, last_name, user_name, password, email_address) values (7, 'Ralf', 'Kairns', 'rkairns6', 'zOC8xT', 'rkairns6@merriam-webster.com');
insert into Customer (id, first_name, last_name, user_name, password, email_address) values (8, 'Arv', 'Fullylove', 'afullylove7', 'T99zUDdxDa', 'afullylove7@t.co');
insert into Customer (id, first_name, last_name, user_name, password, email_address) values (9, 'Milli', 'Whistlecroft', 'mwhistlecroft8', 'ERgaU09j', 'mwhistlecroft8@istockphoto.com');
insert into Customer (id, first_name, last_name, user_name, password, email_address) values (10, 'Tamarah', 'Coogan', 'tcoogan9', 'j05aBBs', 'tcoogan9@fastcompany.com');

insert into Product (id, name, description, price, weight, category, supplier, image_url) values (1, 'Fimbristylis vahlii (Lam.) Link', 'quis orci', 7.58, 779, 1, 1, 'http://dummyimage.com/223x100.png/ff4444/ffffff');
insert into Product (id, name, description, price, weight, category, supplier, image_url) values (2, 'Mahonia Nutt.', 'pulvinar', 21.96, 97, 2, 2, 'http://dummyimage.com/104x100.png/ff4444/ffffff');
insert into Product (id, name, description, price, weight, category, supplier, image_url) values (3, 'Chrysopsis gossypina (Michx.) Elliott', 'praesent', 51.04, 73, 3, 3, 'http://dummyimage.com/215x100.png/5fa2dd/ffffff');
insert into Product (id, name, description, price, weight, category, supplier, image_url) values (4, 'Draba murrayi G. Mulligan', 'lacus', 50.07, 530, 4, 4, 'http://dummyimage.com/172x100.png/5fa2dd/ffffff');
insert into Product (id, name, description, price, weight, category, supplier, image_url) values (5, 'Kalinia obtusiflora (E. Fourn.) H.L. Bell & Columbus', 'porta volutpat', 41.62, 147, 5, 5, 'http://dummyimage.com/206x100.png/cc0000/ffffff');
insert into Product (id, name, description, price, weight, category, supplier, image_url) values (6, 'Solanum bahamense L. var. rugelii D''Arcy', 'sit', 2.93, 346, 6, 6, 'http://dummyimage.com/214x100.png/ff4444/ffffff');
insert into Product (id, name, description, price, weight, category, supplier, image_url) values (7, 'Abies grandis (Douglas ex D. Don) Lindl.', 'eu pede', 69.26, 692, 7, 7, 'http://dummyimage.com/117x100.png/ff4444/ffffff');
insert into Product (id, name, description, price, weight, category, supplier, image_url) values (8, 'Camissonia brevipes (A. Gray) P.H. Raven ssp. arizonica (P.H. Raven) P.H. Raven', 'justo sit', 37.71, 553, 8, 8, 'http://dummyimage.com/138x100.png/ff4444/ffffff');
insert into Product (id, name, description, price, weight, category, supplier, image_url) values (9, 'Carex caroliniana Schwein.', 'interdum', 58.56, 457, 9, 9, 'http://dummyimage.com/192x100.png/cc0000/ffffff');
insert into Product (id, name, description, price, weight, category, supplier, image_url) values (10, 'Scleria eggersiana Boeckeler', 'vel', 83.02, 975, 10, 10, 'http://dummyimage.com/117x100.png/cc0000/ffffff');

insert into Address (id,country, city, county, street_address, state) values (1,'United States', 'Denver', 'Denver', '440 Merry Drive','CO');
insert into Address (id,country, city, county, street_address, state) values (2,'United States', 'Westminster', 'Westminster', '93 Drewry Junction','CO');
insert into Address (id,country, city, county, street_address, state) values (3,'United States', 'Boulder', 'Boulder', '0986 Spaight Parkway','CO');

insert into Location (id, name, address) values (1, 'cbslocal.com',1);
insert into Location (id, name, address) values (2, 'msn.com',2);
insert into Location (id, name, address) values (3, 'howstuffworks.com',3);
insert into Location (id, name, address) values (4, 'asdgasfga.com',3);

insert into Stock (product, location, quantity) values (1, 3, 12);
insert into Stock (product, location, quantity) values (2, 4, 13);
insert into Stock (product, location, quantity) values (3, 3, 14);
insert into Stock (product, location, quantity) values (1, 1, 15);
insert into Stock (product, location, quantity) values (2, 2, 16);


insert into Orders (id, shipped_from, customer, created_at, address) values (1, 1, 1, '2021-02-21 12:30:00.000', 1);
insert into Orders (id, shipped_from, customer, created_at, address) values (2, 2, 6, '2021-03-13 13:40:00.000', 2);
insert into Orders (id, shipped_from, customer, created_at, address) values (3, 3, 10, '2021-04-14 15:50:00.000', 3);

insert into Order_Detail (orders, product, quantity) values (1, 1, 3);
insert into Order_Detail (orders, product, quantity) values (2, 2, 4);

insert into Revenue (id, location, local_date, sum) values (1, 1, '2021-10-20', 775.62);
insert into Revenue (id, location, local_date, sum) values (2, 2, '2021-11-21', 853.37);
insert into Revenue (id, location, local_date, sum) values (3, 3, '2021-12-22', 864.22);

insert into User_Customer (username, password,customer_id) values ('cliff','$2a$12$ewr3FVyJy4/Sd6s2vvQhJ.Iclu80LbDWRv9Do6UZbKsXf835Vnw66',1);
